"id","list_price","list_price_2","selling_price","quantity","bonus_coefficient","discount_coefficient","minimum_quantity","maximum_quantity","stock_available","timestamp","offer_id","product_id","suboffer_id"
1,1000.00,0.00,0.00,0,1.00,1.00,1,70,999,2024-02-11 11:16:01.707 -0300,1,113,1
2,2000.00,0.00,0.00,0,1.00,1.00,1,70,999,2024-02-11 11:16:01.714 -0300,1,114,1
3,2000.00,0.00,0.00,0,1.00,1.00,3,80,2997,2024-02-11 11:16:01.725 -0300,1,114,2
559,3256.62,0.00,0.00,0,0.00,0.00,0,99999999,1000,2025-09-09 10:40:28.392 -0300,101,299,168
206,3427.00,0.00,0.00,0,1.00,1.00,0,1000,10000,2024-08-09 16:32:07.936 -0300,32,423,41
9,5303.00,0.00,0.00,0,1.00,1.00,0,100000000,10000000,2024-05-28 17:29:47.914 -0300,3,72,5
207,3808.00,0.00,0.00,0,1.00,1.00,0,1000,10000,2024-08-09 16:32:07.942 -0300,32,422,41
208,4283.00,0.00,0.00,0,1.00,1.00,0,1000,10000,2024-08-09 16:32:07.946 -0300,32,425,41
209,5140.00,0.00,0.00,0,1.00,1.00,0,1000,10000,2024-08-09 16:32:07.950 -0300,32,426,41
10,5950.00,0.00,0.00,0,1.00,1.00,0,100000000,10000000,2024-05-28 17:29:47.919 -0300,3,71,5
11,7999.00,0.00,0.00,0,1.00,1.00,0,100000000,10000000,2024-05-28 17:29:47.922 -0300,3,73,5
12,4443.00,0.00,0.00,0,1.00,1.00,0,100000000,10000000,2024-05-28 17:29:47.926 -0300,3,70,5
13,9972.00,0.00,0.00,0,1.00,1.00,0,100000000,10000000,2024-05-28 17:29:47.929 -0300,3,74,5
14,4184.00,0.00,0.00,0,1.00,1.00,0,1000000000,100000,2024-05-28 17:31:15.243 -0300,3,76,6
15,4605.00,0.00,0.00,0,1.00,1.00,0,1000000000,100000,2024-05-28 17:31:15.248 -0300,3,79,6
60,51808.00,0.00,0.00,0,1.00,1.00,0,1000,9997,2024-11-05 11:55:57.394 -0300,17,78,21
80,13111.60,0.00,0.00,0,1.00,1.00,0,200,971,2024-09-10 19:57:43.069 -0300,22,555,27
70,10647.90,0.00,0.00,0,1.00,1.00,0,1000,995,2024-09-09 08:50:18.901 -0300,20,345,24
22,10084.00,0.00,0.00,0,1.00,1.00,0,0,100000,2024-05-29 12:48:54.918 -0300,4,69,7
20,6923.00,0.00,0.00,0,1.00,1.00,0,0,100000,2024-05-29 12:48:54.926 -0300,4,68,7
18,5466.00,0.00,0.00,0,1.00,1.00,0,0,100000,2024-05-29 12:48:54.932 -0300,4,67,7
16,4324.00,0.00,0.00,0,1.00,1.00,0,0,100000,2024-05-29 12:48:54.937 -0300,4,66,7
23,26411.00,0.00,0.00,0,1.00,1.00,0,9999999,100009,2024-05-29 12:57:13.700 -0300,4,75,8
24,32879.00,0.00,0.00,0,1.00,1.00,0,9999999,100009,2024-05-29 12:57:13.706 -0300,4,77,8
25,44009.00,0.00,0.00,0,1.00,1.00,0,9999999,100009,2024-05-29 12:57:13.712 -0300,4,78,8
27,21932.50,0.00,0.00,0,1.00,1.00,0,200,10000,2024-07-15 13:32:23.261 -0300,5,167,9
26,16735.90,0.00,0.00,0,1.00,1.00,0,200,10000,2024-07-15 13:32:23.265 -0300,5,168,9
28,18805.00,0.00,0.00,0,1.00,1.00,0,200,10000,2024-07-15 13:36:22.336 -0300,6,170,10
29,27659.60,0.00,0.00,0,1.00,1.00,0,200,10000,2024-07-15 13:39:04.442 -0300,7,117,11
30,29158.90,0.00,0.00,0,1.00,1.00,0,200,10000,2024-07-15 13:39:04.452 -0300,7,118,11
31,40843.10,0.00,0.00,0,1.00,1.00,0,200,10000,2024-07-15 13:39:04.461 -0300,7,119,11
32,48929.00,0.00,0.00,0,1.00,1.00,0,200,10000,2024-07-15 13:39:04.469 -0300,7,120,11
33,59372.40,0.00,0.00,0,1.00,1.00,0,200,10000,2024-07-15 13:39:04.477 -0300,7,121,11
34,4005.96,0.00,0.00,0,1.00,1.00,0,200,10000,2024-07-15 13:45:10.660 -0300,8,188,12
35,4882.82,0.00,0.00,0,1.00,1.00,0,200,10000,2024-07-15 13:45:10.666 -0300,8,191,12
36,4353.86,0.00,0.00,0,1.00,1.00,0,200,10000,2024-07-15 13:45:10.671 -0300,8,189,12
37,6591.82,0.00,0.00,0,1.00,1.00,0,200,10000,2024-07-15 13:45:10.676 -0300,8,192,12
38,8273.55,0.00,0.00,0,1.00,1.00,0,200,10000,2024-07-15 13:45:10.680 -0300,8,193,12
40,22570.00,0.00,0.00,0,1.00,1.00,0,200,1000,2024-07-15 13:55:57.750 -0300,10,450,14
41,23185.00,0.00,0.00,0,1.00,1.00,0,200,10000,2024-07-15 14:01:03.604 -0300,11,488,15
42,20225.00,0.00,0.00,0,1.00,1.00,0,200,10000,2024-07-15 14:01:03.611 -0300,11,487,15
44,1937.00,0.00,0.00,0,1.00,1.00,0,200,10000,2024-07-15 14:05:43.583 -0300,13,429,17
45,2466.00,0.00,0.00,0,1.00,1.00,0,200,10000,2024-07-15 14:05:43.589 -0300,13,434,17
601,0.00,0.00,0.00,0,0.00,0.00,0,99999999,99999999,2025-10-09 10:55:02.164 -0300,106,936,187
63,4926.00,0.00,0.00,0,1.00,1.00,0,1000,860,2024-11-12 10:48:22.928 -0300,19,76,23
67,9417.00,0.00,0.00,0,1.00,1.00,0,1000,1000,2024-11-05 15:11:12.940 -0300,19,73,23
65,6242.00,0.00,0.00,0,1.00,1.00,0,1000,905,2024-11-12 10:48:22.935 -0300,19,72,23
81,15359.30,0.00,0.00,0,1.00,1.00,0,200,973,2024-09-10 19:57:43.075 -0300,22,552,27
77,9178.13,0.00,0.00,0,1.00,1.00,0,200,998,2024-09-05 15:55:05.106 -0300,22,551,27
82,17981.70,0.00,0.00,0,1.00,1.00,0,200,993,2024-09-10 19:57:43.080 -0300,22,553,27
72,11000.00,0.00,0.00,0,1.00,1.00,0,1000,9975,2024-09-06 12:37:23.674 -0300,21,339,26
73,12500.00,0.00,0.00,0,1.00,1.00,0,1000,9995,2024-09-06 12:37:23.680 -0300,21,338,26
74,13500.00,0.00,0.00,0,1.00,1.00,0,1000,9995,2024-09-06 12:37:23.684 -0300,21,340,26
75,17000.00,0.00,0.00,0,1.00,1.00,0,1000,9997,2024-09-06 12:37:23.688 -0300,21,341,26
370,25838.00,0.00,0.00,0,1.00,1.00,0,99999999,999999,2025-02-05 10:47:31.338 -0300,59,440,106
267,8601.42,0.00,0.00,0,1.00,1.00,0,99999999,9724,2024-12-07 12:51:14.971 -0300,48,566,62
61,22570.00,0.00,0.00,0,1.00,1.00,0,100,1000,2024-07-17 11:09:31.367 -0300,18,440,22
62,22570.00,0.00,0.00,0,1.00,1.00,0,100,1000,2024-07-17 11:09:31.372 -0300,18,450,22
311,6895.20,0.00,0.00,0,1.00,1.00,0,99999999,1000,2024-12-11 14:03:43.988 -0300,55,619,77
43,22627.00,0.00,0.00,0,1.00,1.00,0,1000,10000,2024-07-23 18:24:23.002 -0300,12,467,16
78,9927.37,0.00,0.00,0,1.00,1.00,0,200,991,2024-09-09 11:44:04.742 -0300,22,548,27
54,5090.00,0.00,0.00,0,1.00,1.00,0,1000,9940,2024-11-04 13:05:56.848 -0300,16,66,20
55,6434.00,0.00,0.00,0,1.00,1.00,0,1000,9998,2024-11-04 13:05:56.855 -0300,16,67,20
71,14228.60,0.00,0.00,0,1.00,1.00,0,1000,1000,2024-07-17 16:44:36.518 -0300,20,336,25
39,38923.00,0.00,0.00,0,1.00,1.00,2,1000,1000,2024-07-23 18:45:06.973 -0300,9,399,13
56,8150.00,0.00,0.00,0,1.00,1.00,0,1000,9998,2024-11-04 13:05:56.858 -0300,16,68,20
57,11871.00,0.00,0.00,0,1.00,1.00,0,1000,9998,2024-11-04 13:05:56.861 -0300,16,69,20
59,38705.00,0.00,0.00,0,1.00,1.00,0,1000,9996,2024-11-05 11:55:57.389 -0300,17,77,21
69,11739.00,0.00,0.00,0,1.00,1.00,0,1000,1000,2024-11-05 15:11:12.949 -0300,19,74,23
64,5421.00,0.00,0.00,0,1.00,1.00,0,1000,865,2024-11-07 17:50:09.897 -0300,19,79,23
426,25903.00,0.00,0.00,0,1.00,1.00,0,99999999,1000,2025-03-06 12:31:55.572 -0300,70,588,121
87,4485.30,0.00,0.00,0,1.00,1.00,0,1000,10000,2024-07-17 16:47:08.836 -0300,20,301,25
214,7382.84,0.00,0.00,0,1.00,1.00,0,1000,10000,2024-09-05 14:56:19.359 -0300,33,192,43
115,14430.00,0.00,0.00,0,1.00,1.00,0,1000,9999,2024-08-08 16:14:02.242 -0300,26,438,35
215,9266.38,0.00,0.00,0,1.00,1.00,0,1000,10000,2024-09-05 14:56:19.364 -0300,33,193,43
117,53234.00,0.00,0.00,0,1.00,1.00,0,1000,10000,2024-08-05 18:22:21.996 -0300,27,445,36
46,22627.00,0.00,0.00,0,1.00,1.00,1,1000,9993,2024-09-09 15:41:10.139 -0300,14,588,18
472,12135.00,0.00,0.00,0,0.00,0.00,0,99999999,99999999,2025-04-28 15:43:26.595 -0300,77,593,137
301,13096.20,0.00,0.00,0,1.00,1.00,0,99999999,9992,2024-12-17 13:01:37.298 -0300,52,350,71
280,10542.00,0.00,0.00,0,1.00,1.00,0,99999999,9964,2024-11-23 18:31:55.487 -0300,50,62,67
97,25691.20,0.00,0.00,0,1.00,1.00,0,1000,10000,2024-07-23 20:18:04.333 -0300,24,547,30
98,51543.10,0.00,0.00,0,1.00,1.00,0,1000,10000,2024-07-23 20:19:48.676 -0300,24,556,31
99,85905.30,0.00,0.00,0,1.00,1.00,0,1000,10000,2024-07-23 20:19:48.679 -0300,24,557,31
4,13813.50,0.00,0.00,0,1.00,1.00,4,80,731,2024-08-21 17:42:55.556 -0300,2,124,3
106,8359.46,0.00,0.00,0,1.00,1.00,0,1000,9980,2024-09-12 19:40:08.723 -0300,25,131,33
90,9927.37,0.00,0.00,0,1.00,1.00,0,1000,10000,2024-07-23 20:21:12.147 -0300,24,548,29
217,10096.00,0.00,0.00,0,1.00,1.00,0,10000,10000,2024-09-11 10:20:43.848 -0300,35,551,45
218,10920.10,0.00,0.00,0,1.00,1.00,0,10000,10000,2024-09-11 10:20:43.856 -0300,35,548,45
219,11126.20,0.00,0.00,0,1.00,1.00,0,10000,10000,2024-09-11 10:20:43.863 -0300,35,550,45
94,17981.70,0.00,0.00,0,1.00,1.00,0,1000,10000,2024-07-23 20:21:46.592 -0300,24,553,29
103,48929.00,0.00,0.00,0,1.00,1.00,0,1000,10000,2024-07-23 21:05:27.194 -0300,25,120,32
104,59372.40,0.00,0.00,0,1.00,1.00,0,1000,10000,2024-07-23 21:05:27.197 -0300,25,121,32
114,9266.38,0.00,0.00,0,1.00,1.00,0,1000,10000,2024-08-22 15:48:56.772 -0300,25,193,34
5,16337.40,0.00,0.00,0,1.00,1.00,6,50,1128,2024-08-21 17:42:55.562 -0300,2,128,3
6,18409.50,0.00,0.00,0,1.00,1.00,0,100,1859,2024-08-21 17:42:55.601 -0300,2,168,4
7,24125.70,0.00,0.00,0,1.00,1.00,1,120,2919,2024-08-21 17:42:55.606 -0300,2,167,4
210,8091.00,0.00,0.00,0,1.00,1.00,0,1000,10000,2024-08-09 16:32:07.954 -0300,32,427,41
119,23426.00,0.00,0.00,0,1.00,1.00,0,1000,10000,2024-08-05 16:57:52.165 -0300,29,431,38
120,3124.00,0.00,0.00,0,1.00,1.00,0,1000,10000,2024-08-05 16:57:52.170 -0300,29,432,38
76,19000.00,0.00,0.00,0,1.00,1.00,0,1000,9598,2024-09-06 12:37:23.693 -0300,21,342,26
100,29042.50,0.00,0.00,0,1.00,1.00,0,1000,9989,2024-08-22 15:48:56.631 -0300,25,117,32
123,3364.00,0.00,0.00,0,1.00,1.00,0,1000,10000,2024-08-06 08:35:40.876 -0300,28,590,37
124,4400.00,0.00,0.00,0,1.00,1.00,0,1000,10000,2024-08-06 08:35:40.882 -0300,28,496,37
125,6470.00,0.00,0.00,0,1.00,1.00,0,1000,10000,2024-08-06 08:35:40.887 -0300,28,591,37
101,30616.80,0.00,0.00,0,1.00,1.00,0,1000,10000,2024-08-22 15:48:56.638 -0300,25,118,32
102,42885.30,0.00,0.00,0,1.00,1.00,0,1000,10000,2024-08-22 15:48:56.643 -0300,25,119,32
83,12839.90,0.00,0.00,0,1.00,1.00,0,100,954,2024-08-13 20:40:00.825 -0300,23,546,28
85,25691.20,0.00,0.00,0,1.00,1.00,0,100,956,2024-08-14 18:35:49.906 -0300,23,547,28
237,10983.70,0.00,0.00,0,1.00,1.00,0,99999999,983,2024-11-19 18:13:31.031 -0300,43,328,52
113,7382.84,0.00,0.00,0,1.00,1.00,0,1000,9995,2024-09-03 19:24:43.231 -0300,25,192,34
58,31091.00,0.00,0.00,0,1.00,1.00,0,1000,9999,2024-11-05 11:55:57.384 -0300,17,75,21
111,5468.76,0.00,0.00,0,1.00,1.00,0,1000,9998,2024-09-03 19:24:43.243 -0300,25,191,34
108,12946.00,0.00,0.00,0,1.00,1.00,0,1000,9991,2024-08-22 15:48:56.710 -0300,25,123,33
109,15192.70,0.00,0.00,0,1.00,1.00,0,1000,10000,2024-08-22 15:48:56.715 -0300,25,125,33
68,5230.00,0.00,0.00,0,1.00,1.00,0,1000,970,2024-11-07 17:50:09.882 -0300,19,70,23
211,4486.68,0.00,0.00,0,1.00,1.00,0,1000,10000,2024-09-05 14:56:19.345 -0300,33,188,43
212,4876.32,0.00,0.00,0,1.00,1.00,0,1000,10000,2024-09-05 14:56:19.350 -0300,33,189,43
213,5468.76,0.00,0.00,0,1.00,1.00,0,1000,10000,2024-09-05 14:56:19.355 -0300,33,191,43
84,17574.00,0.00,0.00,0,1.00,1.00,0,100,983,2024-09-10 12:40:33.015 -0300,23,549,28
216,11900.00,0.00,0.00,0,1.00,1.00,2,1000,1000,2024-09-08 19:13:00.262 -0300,34,592,44
86,7979.72,0.00,0.00,0,1.00,1.00,0,1000,9990,2024-09-09 08:50:18.923 -0300,20,331,25
227,4486.68,0.00,0.00,0,1.00,1.00,0,99999999,10000,2024-09-10 19:09:23.952 -0300,39,188,49
79,10114.70,0.00,0.00,0,1.00,1.00,0,200,971,2024-09-10 16:42:40.137 -0300,22,550,27
228,4876.32,0.00,0.00,0,1.00,1.00,0,99999999,10000,2024-09-10 19:09:23.959 -0300,39,189,49
220,14422.80,0.00,0.00,0,1.00,1.00,0,10000,10000,2024-09-11 10:20:43.869 -0300,35,555,45
221,16895.30,0.00,0.00,0,1.00,1.00,0,10000,10000,2024-09-11 10:20:43.877 -0300,35,552,45
222,19779.80,0.00,0.00,0,1.00,1.00,0,10000,10000,2024-09-11 10:20:43.885 -0300,35,553,45
224,9532.64,0.00,0.00,0,1.00,1.00,0,99999999,10000,2024-09-11 10:26:39.200 -0300,37,571,47
223,8601.42,0.00,0.00,0,1.00,1.00,0,99999999,10000,2024-09-11 10:31:35.362 -0300,36,566,46
225,6613.67,0.00,0.00,0,1.00,1.00,0,99999999,10000,2024-09-11 10:32:06.160 -0300,38,568,48
226,8444.43,0.00,0.00,0,1.00,1.00,0,99999999,10000,2024-09-11 10:32:06.167 -0300,38,569,48
116,14430.00,0.00,0.00,0,1.00,1.00,0,1000,9999,2024-09-11 12:44:59.085 -0300,26,437,35
88,22627.00,0.00,0.00,0,1.00,1.00,0,1000,9999,2024-09-11 17:57:44.330 -0300,12,470,16
89,9178.13,0.00,0.00,0,1.00,1.00,0,1000,9999,2024-09-12 13:07:26.404 -0300,24,551,29
96,17574.00,0.00,0.00,0,1.00,1.00,0,1000,9994,2024-09-12 13:07:26.431 -0300,24,549,30
95,12839.90,0.00,0.00,0,1.00,1.00,0,1000,9998,2024-09-12 13:07:26.434 -0300,24,546,30
107,10337.90,0.00,0.00,0,1.00,1.00,0,1000,9993,2024-09-12 19:40:08.733 -0300,25,132,33
105,9329.14,0.00,0.00,0,1.00,1.00,0,1000,9924,2024-09-12 19:40:08.741 -0300,25,129,33
66,7004.00,0.00,0.00,0,1.00,1.00,0,1000,945,2024-11-07 17:50:09.888 -0300,19,71,23
229,5468.76,0.00,0.00,0,1.00,1.00,0,99999999,10000,2024-09-10 19:09:23.965 -0300,39,191,49
230,7382.84,0.00,0.00,0,1.00,1.00,0,99999999,10000,2024-09-10 19:09:23.971 -0300,39,192,49
231,9266.38,0.00,0.00,0,1.00,1.00,0,99999999,10000,2024-09-10 19:09:23.977 -0300,39,193,49
232,12839.90,0.00,0.00,0,1.00,1.00,0,99999999,10000,2024-09-11 11:13:36.325 -0300,40,546,50
233,17574.00,0.00,0.00,0,1.00,1.00,0,99999999,10000,2024-09-11 11:13:36.332 -0300,40,549,50
234,25691.20,0.00,0.00,0,1.00,1.00,0,99999999,10000,2024-09-11 11:13:36.339 -0300,40,547,50
91,10114.70,0.00,0.00,0,1.00,1.00,0,1000,9990,2024-09-12 13:07:26.409 -0300,24,550,29
92,13111.60,0.00,0.00,0,1.00,1.00,0,1000,9984,2024-09-12 13:07:26.413 -0300,24,555,29
93,15359.30,0.00,0.00,0,1.00,1.00,0,1000,9988,2024-09-12 13:07:26.416 -0300,24,552,29
110,4486.68,0.00,0.00,0,1.00,1.00,0,1000,9994,2024-09-12 19:40:08.764 -0300,25,188,34
112,4876.32,0.00,0.00,0,1.00,1.00,0,1000,9987,2024-09-12 19:40:08.771 -0300,25,189,34
306,6895.20,0.00,0.00,0,1.00,1.00,0,99999999,10000,2024-12-02 10:33:16.720 -0300,55,619,75
251,6006.61,0.00,0.00,0,1.00,1.00,0,99999999,939,2025-01-14 13:39:59.415 -0300,45,135,56
249,7759.09,0.00,0.00,0,1.00,1.00,0,99999999,1000,2024-12-16 10:08:18.171 -0300,45,183,56
312,8234.00,0.00,0.00,0,1.00,1.00,0,99999999,10000,2025-02-24 10:12:13.870 -0300,55,622,78
350,25838.00,0.00,0.00,0,1.00,1.00,0,99999999,10000,2025-02-05 10:47:31.151 -0300,59,450,99
252,15471.10,0.00,0.00,0,1.00,1.00,0,99999999,918,2024-12-02 14:00:43.000 -0300,46,124,57
258,7803.00,0.00,0.00,0,1.00,1.00,0,99999999,9949,2025-12-26 17:15:11.004 -0300,47,9,59
302,24969.60,0.00,0.00,0,1.00,1.00,0,99999999,9995,2024-12-17 13:01:37.315 -0300,52,352,72
427,13714.00,0.00,0.00,0,1.00,1.00,0,99999999,1000,2025-03-06 12:31:55.577 -0300,70,589,121
411,15225.00,0.00,0.00,0,1.00,1.00,0,99999999,99826,2025-05-28 02:00:16.802 -0300,66,774,117
304,8234.00,0.00,0.00,0,1.00,1.00,0,99999999,9950,2025-02-24 12:14:08.015 -0300,54,622,73
239,6652.99,0.00,0.00,0,1.00,1.00,0,99999999,977,2024-11-21 16:35:33.048 -0300,43,296,52
244,13410.50,0.00,0.00,0,1.00,1.00,0,99999999,831,2025-01-27 12:03:40.225 -0300,45,190,55
353,24375.00,0.00,0.00,0,1.00,1.00,0,99999999,10000,2024-12-19 13:10:46.383 -0300,59,440,101
309,22865.20,0.00,0.00,0,1.00,1.00,0,99999999,1000,2024-12-04 13:07:59.421 -0300,54,625,73
531,1775.00,0.00,0.00,0,0.00,0.00,0,99999999,1000,2025-06-23 11:51:08.284 -0300,90,428,153
253,6006.61,0.00,0.00,0,1.00,1.00,0,99999999,905,2024-12-19 19:50:10.406 -0300,46,135,57
250,15471.10,0.00,0.00,0,1.00,1.00,0,99999999,992,2025-01-02 14:21:38.284 -0300,45,124,56
241,14228.60,0.00,0.00,0,1.00,1.00,1,99999999,986,2024-11-26 09:56:05.792 -0300,44,336,53
242,8378.71,0.00,0.00,0,1.00,1.00,0,99999999,915,2024-11-26 09:56:05.800 -0300,44,331,53
365,9995.00,0.00,0.00,0,1.00,1.00,0,99999999,99451,2025-06-30 12:35:51.954 -0300,61,83,104
428,13714.00,0.00,0.00,0,1.00,1.00,0,99999999,1000,2025-03-06 12:31:55.581 -0300,70,471,121
243,31397.10,0.00,0.00,0,1.00,1.00,3,99999999,988,2024-11-26 09:56:05.817 -0300,44,356,54
254,9200.00,0.00,0.00,0,1.00,1.00,1,99999999,950,2025-01-23 16:57:02.991 -0300,46,198,58
240,11177.30,0.00,0.00,0,1.00,1.00,0,99999999,954,2024-11-22 08:24:49.741 -0300,43,333,52
361,6895.20,0.00,0.00,0,1.00,1.00,0,99999999,99999999,2024-12-27 10:27:07.192 -0300,54,619,103
264,18452.70,0.00,0.00,0,1.00,1.00,0,99999999,9952,2024-12-09 19:16:56.065 -0300,48,549,60
403,7980.00,0.00,0.00,0,1.00,1.00,0,99999999,941,2025-08-13 18:37:05.594 -0300,65,780,116
288,4926.00,0.00,0.00,0,1.00,1.00,0,99999999,10000,2024-11-12 11:03:01.796 -0300,51,76,68
268,15584.00,0.00,0.00,0,1.00,1.00,0,99999999,10000,2024-11-05 11:45:18.344 -0300,49,438,63
270,24375.00,0.00,0.00,0,1.00,1.00,0,99999999,10000,2024-11-05 11:45:18.354 -0300,49,440,63
527,25920.00,0.00,0.00,0,0.00,0.00,0,99999999,99999938,2025-10-18 05:49:36.422 -0300,90,597,151
273,24375.00,0.00,0.00,0,1.00,1.00,0,99999999,1000,2024-11-05 11:58:54.334 -0300,49,450,64
274,20526.00,0.00,0.00,0,1.00,1.00,0,99999999,10000,2024-11-05 12:00:21.821 -0300,49,495,65
275,12962.00,0.00,0.00,0,1.00,1.00,0,99999999,10000,2024-11-05 12:00:21.826 -0300,49,521,65
289,5421.00,0.00,0.00,0,1.00,1.00,0,99999999,10000,2024-11-12 11:03:01.803 -0300,51,79,68
290,6242.00,0.00,0.00,0,1.00,1.00,0,99999999,10000,2024-11-12 11:03:01.809 -0300,51,72,68
291,7004.00,0.00,0.00,0,1.00,1.00,0,99999999,10000,2024-11-12 11:03:01.816 -0300,51,71,68
283,12937.00,0.00,0.00,0,1.00,1.00,0,99999999,1000,2024-11-06 11:22:32.137 -0300,49,589,63
284,12937.00,0.00,0.00,0,1.00,1.00,0,99999999,1000,2024-11-06 11:24:26.768 -0300,49,469,64
285,12937.00,0.00,0.00,0,1.00,1.00,0,99999999,1000,2024-11-06 11:24:26.776 -0300,49,471,64
292,9417.00,0.00,0.00,0,1.00,1.00,0,99999999,10000,2024-11-12 11:03:01.822 -0300,51,73,68
293,5230.00,0.00,0.00,0,1.00,1.00,0,99999999,10000,2024-11-12 11:03:01.827 -0300,51,70,68
294,11739.00,0.00,0.00,0,1.00,1.00,0,99999999,10000,2024-11-12 11:03:01.834 -0300,51,74,68
313,22865.20,0.00,0.00,0,1.00,1.00,0,99999999,10000,2024-12-11 14:11:09.596 -0300,55,625,78
265,26975.70,0.00,0.00,0,1.00,1.00,0,99999999,9788,2024-12-11 17:19:17.160 -0300,48,547,60
298,5750.52,0.00,0.00,0,1.00,1.00,0,99999999,966,2024-12-13 19:51:39.118 -0300,52,315,69
235,14228.60,0.00,0.00,0,1.00,1.00,0,99999999,984,2024-11-20 09:04:04.274 -0300,43,336,52
238,13096.20,0.00,0.00,0,1.00,1.00,0,99999999,971,2024-11-20 09:04:04.288 -0300,43,350,52
269,15584.00,0.00,0.00,0,1.00,1.00,0,99999999,10000,2024-11-20 10:40:48.211 -0300,49,437,63
272,24437.00,0.00,0.00,0,1.00,1.00,0,99999999,1000,2024-11-20 10:41:14.277 -0300,49,470,64
276,31091.00,0.00,0.00,0,1.00,1.00,1,99999999,9994,2024-11-23 18:31:55.464 -0300,50,75,66
277,38705.00,0.00,0.00,0,1.00,1.00,1,99999999,9990,2024-11-23 18:31:55.469 -0300,50,77,66
278,51808.00,0.00,0.00,0,1.00,1.00,1,99999999,9993,2024-11-23 18:31:55.472 -0300,50,78,66
307,7485.40,0.00,0.00,0,1.00,1.00,0,99999999,10000,2024-11-29 12:46:03.154 -0300,55,622,75
279,5798.00,0.00,0.00,0,1.00,1.00,0,99999999,9990,2024-11-23 18:31:55.484 -0300,50,63,67
282,24437.00,0.00,0.00,0,1.00,1.00,0,99999999,1000,2024-11-12 12:28:14.813 -0300,49,588,63
271,24437.00,0.00,0.00,0,1.00,1.00,0,99999999,1000,2024-11-12 12:28:34.476 -0300,49,467,64
236,5293.02,0.00,0.00,0,1.00,1.00,0,99999999,991,2024-11-19 18:13:31.038 -0300,43,335,52
281,18973.00,0.00,0.00,0,1.00,1.00,0,99999999,9978,2024-11-23 18:31:55.490 -0300,50,65,67
393,10340.40,0.00,0.00,0,1.00,1.00,0,99999999,9999,2025-03-25 11:11:30.101 -0300,62,309,115
371,11550.00,0.00,0.00,0,1.00,1.00,0,99999999,9990,2025-02-09 12:53:36.487 -0300,62,339,107
286,9341.05,0.00,0.00,0,1.00,1.00,0,99999999,968,2024-12-02 14:00:43.018 -0300,46,137,57
245,6770.86,0.00,0.00,0,1.00,1.00,0,99999999,893,2025-01-27 12:03:40.231 -0300,45,163,55
429,25838.00,0.00,0.00,0,1.00,1.00,0,99999999,1000,2025-03-06 12:39:30.746 -0300,70,440,122
319,4182.67,0.00,0.00,0,1.00,1.00,0,99999999,9995,2024-12-14 13:18:46.410 -0300,56,140,80
310,22865.20,0.00,0.00,0,1.00,1.00,0,99999999,1000,2024-12-04 13:08:51.253 -0300,55,625,75
318,10193.00,0.00,0.00,0,1.00,1.00,0,99999999,9987,2024-12-30 12:55:44.119 -0300,56,193,79
420,25903.00,0.00,0.00,0,1.00,1.00,0,99999999,1000,2025-02-27 12:14:13.182 -0300,59,588,99
421,13714.00,0.00,0.00,0,1.00,1.00,0,99999999,1000,2025-02-27 12:14:13.189 -0300,59,589,99
437,2709.66,0.00,0.00,0,1.00,1.00,45,99999999,1000,2025-03-10 10:10:04.018 -0300,71,609,124
326,30256.00,0.00,0.00,0,1.00,1.00,0,99999999,9999,2025-03-13 12:47:58.723 -0300,57,54,84
316,6015.64,0.00,0.00,0,1.00,1.00,0,99999999,9890,2024-12-30 16:19:14.467 -0300,56,191,79
317,8121.12,0.00,0.00,0,1.00,1.00,0,99999999,9919,2024-12-30 16:19:14.473 -0300,56,192,79
308,2709.66,0.00,0.00,0,1.00,1.00,0,99999999,10000,2024-11-29 12:47:52.360 -0300,55,609,76
263,13481.90,0.00,0.00,0,1.00,1.00,0,99999999,9949,2024-12-09 19:16:56.057 -0300,48,546,60
314,4935.35,0.00,0.00,0,1.00,1.00,0,99999999,9959,2024-12-30 19:01:54.944 -0300,56,188,79
315,5363.95,0.00,0.00,0,1.00,1.00,0,99999999,9825,2024-12-30 19:01:54.950 -0300,56,189,79
328,28814.00,0.00,0.00,0,1.00,1.00,0,99999999,999,2025-03-13 12:47:58.728 -0300,57,57,84
407,9243.00,0.00,0.00,0,1.00,1.00,0,99999999,953,2025-09-02 19:51:02.580 -0300,65,777,116
368,71445.00,0.00,0.00,0,1.00,1.00,0,99999999,9987,2025-05-26 13:09:58.268 -0300,61,6,105
528,12096.00,0.00,0.00,0,0.00,0.00,0,99999999,1000,2025-06-23 11:49:27.383 -0300,90,594,152
602,0.00,0.00,0.00,0,0.00,0.00,0,99999999,99999999,2025-10-09 10:55:02.172 -0300,106,938,187
247,8465.56,0.00,0.00,0,1.00,1.00,0,99999999,877,2025-01-14 13:39:59.421 -0300,45,136,56
603,0.00,0.00,0.00,0,0.00,0.00,0,99999999,99999999,2025-10-09 10:55:02.179 -0300,106,940,187
412,16170.00,0.00,0.00,0,1.00,1.00,0,99999999,99530,2025-05-28 02:00:16.812 -0300,66,773,117
305,2709.66,0.00,0.00,0,1.00,1.00,0,99999999,9800,2024-12-26 12:03:03.747 -0300,54,609,74
266,8866.66,0.00,0.00,0,1.00,1.00,0,99999999,9335,2024-12-11 17:19:17.187 -0300,48,569,61
560,0.00,0.00,0.00,0,0.00,0.00,0,50,99999999,2025-09-11 11:41:46.621 -0300,102,609,169
327,7405.00,0.00,0.00,0,1.00,1.00,0,99999999,9918,2025-03-13 12:47:58.753 -0300,57,48,85
346,25903.00,0.00,0.00,0,1.00,1.00,0,99999999,10000,2025-02-05 10:47:31.101 -0300,59,470,99
347,25903.00,0.00,0.00,0,1.00,1.00,0,99999999,10000,2025-02-05 10:47:31.119 -0300,59,467,99
349,13714.00,0.00,0.00,0,1.00,1.00,0,99999999,10000,2025-02-05 10:47:31.128 -0300,59,471,99
351,16520.00,0.00,0.00,0,1.00,1.00,0,99999999,10000,2025-02-05 10:47:31.265 -0300,59,437,100
352,16520.00,0.00,0.00,0,1.00,1.00,0,99999999,10000,2025-02-05 10:47:31.284 -0300,59,438,100
611,0.00,0.00,0.00,0,0.00,0.00,0,99999999,99999989,2025-12-02 07:56:54.533 -0300,109,865,189
248,11502.40,0.00,0.00,0,1.00,1.00,0,99999999,895,2025-01-03 15:42:58.824 -0300,45,139,56
295,12650.00,0.00,0.00,0,1.00,1.00,1,99999999,922,2025-01-23 16:57:03.000 -0300,46,199,58
329,6340.00,0.00,0.00,0,1.00,1.00,0,99999999,981,2025-03-13 12:47:58.777 -0300,57,52,86
369,7450.00,0.00,0.00,0,1.00,1.00,0,99999999,9795,2025-06-06 11:40:33.925 -0300,61,8,105
320,6836.89,0.00,0.00,0,1.00,1.00,0,99999999,10000,2024-12-13 12:01:37.971 -0300,56,144,80
296,19550.00,0.00,0.00,0,1.00,1.00,1,99999999,833,2025-01-23 16:57:03.005 -0300,46,197,58
322,37171.50,0.00,0.00,0,1.00,1.00,0,99999999,10000,2024-12-13 12:02:30.655 -0300,56,178,81
323,26538.30,0.00,0.00,0,1.00,1.00,0,99999999,10000,2024-12-13 12:04:31.097 -0300,56,167,82
474,0.00,0.00,0.00,0,0.00,0.00,0,99999999,99999974,2025-06-13 15:08:39.422 -0300,80,774,139
338,14914.90,0.00,0.00,0,1.00,1.00,0,99999999,9853,2025-05-02 12:34:12.627 -0300,58,546,93
330,6493.00,0.00,0.00,0,1.00,1.00,0,99999999,10000,2025-03-13 12:47:58.806 -0300,57,27,87
475,0.00,0.00,0.00,0,0.00,0.00,0,99999999,99999949,2025-10-01 16:27:52.685 -0300,80,773,139
332,6713.00,0.00,0.00,0,1.00,1.00,0,99999999,9995,2025-03-13 12:47:58.812 -0300,57,39,87
333,5784.00,0.00,0.00,0,1.00,1.00,0,99999999,9901,2025-03-13 12:47:58.845 -0300,57,2,88
287,9341.05,0.00,0.00,0,1.00,1.00,0,99999999,966,2025-01-05 23:38:29.783 -0300,45,137,56
334,13711.00,0.00,0.00,0,1.00,1.00,0,99999999,9987,2025-03-13 12:47:58.882 -0300,57,51,89
335,7182.00,0.00,0.00,0,1.00,1.00,0,99999999,10000,2025-03-13 12:47:58.918 -0300,57,13,90
417,89929.70,0.00,0.00,0,1.00,1.00,0,99999999,995,2025-05-05 10:18:35.807 -0300,67,784,118
336,6416.00,0.00,0.00,0,1.00,1.00,0,99999999,9991,2025-03-13 12:47:58.956 -0300,57,36,91
337,9098.00,0.00,0.00,0,1.00,1.00,0,99999999,10000,2025-03-13 12:47:58.995 -0300,57,38,92
345,7856.76,0.00,0.00,0,1.00,1.00,0,99999999,9511,2025-05-07 11:43:21.968 -0300,58,574,98
444,9098.00,0.00,0.00,0,0.00,0.00,0,60,222,2025-03-14 15:11:55.464 -0300,75,38,129
297,7044.50,0.00,0.00,0,1.00,1.00,0,99999999,973,2024-12-17 13:01:37.257 -0300,52,337,69
300,10647.90,0.00,0.00,0,1.00,1.00,0,99999999,9979,2024-12-17 13:01:37.277 -0300,52,345,70
473,28512.00,0.00,0.00,0,0.00,0.00,0,99999999,99999989,2025-05-08 11:08:42.916 -0300,77,597,137
344,7773.71,0.00,0.00,0,1.00,1.00,0,99999999,9075,2025-05-09 17:43:15.536 -0300,58,568,97
246,9776.02,0.00,0.00,0,1.00,1.00,0,99999999,965,2024-12-27 11:49:35.472 -0300,45,134,56
299,8378.71,0.00,0.00,0,1.00,1.00,0,99999999,9887,2024-12-18 16:01:26.336 -0300,52,331,70
321,25392.10,0.00,0.00,0,1.00,1.00,0,99999999,9998,2024-12-19 10:45:07.988 -0300,56,179,81
325,23167.80,0.00,0.00,0,1.00,1.00,0,99999999,9997,2024-12-19 10:45:08.054 -0300,56,170,83
324,20250.50,0.00,0.00,0,1.00,1.00,0,99999999,9988,2024-12-27 18:05:53.700 -0300,56,168,82
384,6836.89,0.00,0.00,0,1.00,1.00,0,99999999,9944,2025-02-16 23:35:00.320 -0300,64,144,112
256,8870.00,0.00,0.00,0,1.00,1.00,0,99999999,9922,2025-12-26 17:15:10.981 -0300,47,667,59
549,14705.60,0.00,0.00,0,0.00,0.00,0,99999999,99999498,2025-11-02 19:42:04.741 -0300,96,871,161
573,0.00,0.00,0.00,0,0.00,0.00,0,99999999,99999999,2025-09-15 11:49:45.063 -0300,104,609,176
259,8409.00,0.00,0.00,0,1.00,1.00,0,99999999,9980,2025-12-26 17:15:11.019 -0300,47,44,59
373,14175.00,0.00,0.00,0,1.00,1.00,0,99999999,9983,2025-03-25 11:11:30.068 -0300,62,340,107
363,4994.00,0.00,0.00,0,1.00,1.00,0,99999999,99700,2025-06-30 12:35:51.962 -0300,61,81,104
374,17850.00,0.00,0.00,0,1.00,1.00,0,99999999,9989,2025-03-25 11:11:30.073 -0300,62,341,107
375,19950.00,0.00,0.00,0,1.00,1.00,0,99999999,9995,2025-03-25 11:11:30.077 -0300,62,342,107
394,5859.97,0.00,0.00,0,1.00,1.00,0,99999999,9940,2025-03-25 11:11:30.090 -0300,62,312,115
604,0.00,0.00,0.00,0,0.00,0.00,0,99999999,99999999,2025-10-09 10:55:02.186 -0300,106,939,187
372,13125.00,0.00,0.00,0,1.00,1.00,0,99999999,9985,2025-03-11 15:37:21.221 -0300,62,338,107
605,0.00,0.00,0.00,0,0.00,0.00,0,99999999,99999999,2025-10-09 10:55:02.194 -0300,106,941,187
354,12135.00,0.00,0.00,0,1.00,1.00,0,99999999,9980,2025-02-27 09:41:38.156 -0300,60,593,102
388,7759.09,0.00,0.00,0,1.00,1.00,0,99999999,10000,2025-01-30 13:04:17.127 -0300,64,183,113
406,8564.00,0.00,0.00,0,1.00,1.00,0,99999999,953,2025-09-02 19:51:02.572 -0300,65,775,116
484,29042.50,0.00,0.00,0,0.00,0.00,0,99999999,995,2025-07-07 15:07:24.978 -0300,82,117,141
478,0.00,0.00,0.00,0,0.00,0.00,0,99999999,99999999,2025-05-13 13:09:22.487 -0300,80,771,139
355,12822.00,0.00,0.00,0,1.00,1.00,0,99999999,9898,2025-02-27 09:41:38.164 -0300,60,594,102
356,17973.00,0.00,0.00,0,1.00,1.00,0,99999999,9894,2025-02-27 09:41:38.170 -0300,60,595,102
357,21928.00,0.00,0.00,0,1.00,1.00,0,99999999,9905,2025-02-27 09:41:38.176 -0300,60,596,102
386,9776.02,0.00,0.00,0,1.00,1.00,0,99999999,9986,2025-02-17 19:42:35.012 -0300,64,134,113
358,28512.00,0.00,0.00,0,1.00,1.00,0,99999999,9923,2025-02-27 09:41:38.182 -0300,60,597,102
422,33476.00,0.00,0.00,0,1.00,1.00,7,99999999,10000,2025-02-27 16:05:00.613 -0300,69,660,120
423,11979.00,0.00,0.00,0,1.00,1.00,7,99999999,10000,2025-02-27 16:05:00.622 -0300,69,641,120
424,18373.00,0.00,0.00,0,1.00,1.00,7,99999999,10000,2025-02-27 16:05:00.631 -0300,69,662,120
425,7439.00,0.00,0.00,0,1.00,1.00,7,99999999,10000,2025-02-27 16:05:00.639 -0300,69,658,120
390,5767.88,0.00,0.00,0,1.00,1.00,0,99999999,9949,2025-03-25 11:11:30.094 -0300,62,306,115
405,8165.00,0.00,0.00,0,1.00,1.00,0,99999999,964,2025-08-13 18:03:08.748 -0300,65,776,116
409,12845.00,0.00,0.00,0,1.00,1.00,0,99999999,991,2025-09-02 19:51:02.586 -0300,65,779,116
382,6770.86,0.00,0.00,0,1.00,1.00,0,99999999,9955,2025-03-01 11:21:11.324 -0300,64,163,111
383,4182.67,0.00,0.00,0,1.00,1.00,0,99999999,9983,2025-02-05 11:17:10.267 -0300,64,140,112
381,13410.50,0.00,0.00,0,1.00,1.00,0,99999999,9957,2025-03-01 11:21:11.329 -0300,64,190,111
413,20685.00,0.00,0.00,0,1.00,1.00,0,99999999,99652,2025-05-28 02:00:16.820 -0300,66,770,117
364,5887.00,0.00,0.00,0,1.00,1.00,0,99999999,99705,2025-06-06 11:40:33.906 -0300,61,82,104
430,25903.00,0.00,0.00,0,1.00,1.00,0,99999999,1000,2025-03-06 12:39:30.751 -0300,70,467,122
392,8477.85,0.00,0.00,0,1.00,1.00,0,99999999,9990,2025-03-25 11:11:30.098 -0300,62,307,115
431,25903.00,0.00,0.00,0,1.00,1.00,0,99999999,1000,2025-03-06 12:39:30.757 -0300,70,470,122
432,13714.00,0.00,0.00,0,1.00,1.00,0,99999999,1000,2025-03-06 12:39:30.762 -0300,70,469,122
391,6311.61,0.00,0.00,0,1.00,1.00,0,99999999,9973,2025-03-25 11:11:30.105 -0300,62,308,115
433,25838.00,0.00,0.00,0,1.00,1.00,0,99999999,1000,2025-03-06 12:39:30.767 -0300,70,450,122
434,16520.00,0.00,0.00,0,1.00,1.00,0,99999999,1000,2025-03-06 12:40:37.139 -0300,70,437,123
435,16520.00,0.00,0.00,0,1.00,1.00,0,99999999,1000,2025-03-06 12:40:37.144 -0300,70,438,123
561,0.00,0.00,0.00,0,0.00,0.00,0,99999999,99999999,2025-09-11 11:45:57.268 -0300,102,824,170
502,14923.90,0.00,0.00,0,0.00,0.00,0,99999999,942,2025-09-30 11:45:23.694 -0300,85,814,144
477,0.00,0.00,0.00,0,0.00,0.00,0,99999999,99999964,2025-06-13 15:08:39.429 -0300,80,772,139
562,0.00,0.00,0.00,0,0.00,0.00,0,99999999,99999999,2025-09-11 11:45:57.275 -0300,102,822,170
387,11502.40,0.00,0.00,0,1.00,1.00,0,99999999,9970,2025-02-18 10:22:35.636 -0300,64,139,113
385,8465.56,0.00,0.00,0,1.00,1.00,0,99999999,9966,2025-02-18 10:22:35.641 -0300,64,136,113
416,53282.10,0.00,0.00,0,1.00,1.00,0,99999999,999,2025-05-05 10:18:35.799 -0300,67,783,118
529,16956.00,0.00,0.00,0,0.00,0.00,0,99999999,1000,2025-06-23 11:49:27.388 -0300,90,595,152
563,0.00,0.00,0.00,0,0.00,0.00,0,99999999,99999999,2025-09-11 11:45:57.281 -0300,102,820,170
404,8457.00,0.00,0.00,0,1.00,1.00,0,99999999,965,2025-08-13 18:37:05.600 -0300,65,782,116
564,0.00,0.00,0.00,0,0.00,0.00,0,99999999,99999999,2025-09-11 11:45:57.287 -0300,102,823,170
457,25903.00,0.00,0.00,0,1.00,1.00,0,99999999,1000,2025-03-26 10:51:32.011 -0300,78,588,134
458,13714.00,0.00,0.00,0,1.00,1.00,0,99999999,1000,2025-03-26 10:51:32.016 -0300,78,589,134
389,5650.00,0.00,0.00,0,1.00,1.00,0,99999999,9975,2025-03-13 12:47:59.028 -0300,57,26,114
459,13714.00,0.00,0.00,0,1.00,1.00,0,99999999,1000,2025-03-26 10:51:32.021 -0300,78,471,134
460,13714.00,0.00,0.00,0,1.00,1.00,0,99999999,1000,2025-03-26 10:51:32.026 -0300,78,469,134
461,25903.00,0.00,0.00,0,1.00,1.00,0,99999999,1000,2025-03-26 10:53:48.437 -0300,78,467,135
462,25903.00,0.00,0.00,0,1.00,1.00,0,99999999,1000,2025-03-26 10:53:48.445 -0300,78,470,135
463,25838.00,0.00,0.00,0,1.00,1.00,0,99999999,1000,2025-03-26 10:53:48.451 -0300,78,450,135
464,25838.00,0.00,0.00,0,1.00,1.00,0,99999999,1000,2025-03-26 10:53:48.457 -0300,78,440,135
465,16520.00,0.00,0.00,0,1.00,1.00,0,99999999,1000,2025-03-26 10:54:35.508 -0300,78,437,136
339,29843.00,0.00,0.00,0,1.00,1.00,0,99999999,9635,2025-05-07 11:43:21.928 -0300,58,547,93
340,20414.00,0.00,0.00,0,1.00,1.00,0,99999999,9779,2025-05-07 11:43:21.933 -0300,58,549,93
414,23835.00,0.00,0.00,0,1.00,1.00,0,99999999,99702,2025-05-09 09:34:10.083 -0300,66,772,117
341,9628.67,0.00,0.00,0,1.00,1.00,0,99999999,9227,2025-05-09 17:43:15.513 -0300,58,566,94
343,9661.71,0.00,0.00,0,1.00,1.00,0,99999999,9390,2025-04-25 00:07:02.763 -0300,58,572,96
342,11204.70,0.00,0.00,0,1.00,1.00,0,99999999,8873,2025-05-09 17:43:15.525 -0300,58,571,95
466,16520.00,0.00,0.00,0,1.00,1.00,0,99999999,1000,2025-03-26 10:54:35.513 -0300,78,438,136
260,6411.00,0.00,0.00,0,1.00,1.00,0,99999999,9916,2025-12-29 20:30:38.300 -0300,47,47,59
468,12822.00,0.00,0.00,0,1.00,1.00,0,99999999,973,2025-05-08 11:08:42.898 -0300,77,594,133
550,15890.30,0.00,0.00,0,0.00,0.00,0,99999999,99999777,2025-11-02 19:42:04.745 -0300,96,873,161
479,8359.46,0.00,0.00,0,0.00,0.00,0,99999999,99999390,2025-10-21 13:45:09.528 -0300,81,131,140
469,17973.00,0.00,0.00,0,1.00,1.00,0,99999999,974,2025-05-08 11:08:42.903 -0300,77,595,133
415,27300.00,0.00,0.00,0,1.00,1.00,0,99999999,99915,2025-05-09 09:34:10.087 -0300,66,771,117
362,5845.00,0.00,0.00,0,1.00,1.00,0,99999999,99682,2025-06-30 12:35:51.959 -0300,61,89,104
537,26173.00,0.00,0.00,0,0.00,0.00,6,99999999,0,2025-10-28 16:40:13.824 -0300,91,84,154
470,21928.00,0.00,0.00,0,1.00,1.00,0,99999999,957,2025-04-27 23:26:41.623 -0300,77,596,133
582,0.00,0.00,0.00,0,0.00,0.00,0,99999999,99999909,2025-10-23 12:34:50.280 -0300,103,619,179
488,59372.40,0.00,0.00,0,0.00,0.00,0,99999999,1000,2025-05-13 13:17:08.009 -0300,82,121,141
377,7518.42,0.00,0.00,0,1.00,1.00,0,99999999,9828,2025-10-23 15:26:04.234 -0300,63,316,108
378,7241.51,0.00,0.00,0,1.00,1.00,0,99999999,9772,2025-10-23 15:26:04.245 -0300,63,315,108
379,11109.10,0.00,0.00,0,1.00,1.00,0,99999999,9617,2025-10-23 15:26:04.294 -0300,63,344,109
548,12078.60,0.00,0.00,0,0.00,0.00,0,99999999,99999962,2025-10-25 08:48:47.496 -0300,96,870,161
255,9976.00,0.00,0.00,0,1.00,1.00,0,99999999,9898,2025-12-26 17:15:10.968 -0300,47,669,59
507,0.00,0.00,0.00,0,0.00,0.00,50,10000,950,2025-05-27 17:28:49.233 -0300,86,609,145
510,0.00,0.00,0.00,0,0.00,0.00,0,10000,950,2025-05-27 17:28:49.247 -0300,86,619,147
575,0.00,0.00,0.00,0,0.00,0.00,0,99999999,99999999,2025-09-15 11:50:06.835 -0300,104,622,177
367,10085.00,0.00,0.00,0,1.00,1.00,0,99999999,9442,2025-06-06 11:40:33.921 -0300,61,7,105
485,30616.80,0.00,0.00,0,0.00,0.00,0,99999999,995,2025-07-07 15:07:24.982 -0300,82,118,141
366,7284.00,0.00,0.00,0,1.00,1.00,0,99999999,9891,2025-06-06 11:40:33.928 -0300,61,1,105
486,42885.30,0.00,0.00,0,0.00,0.00,0,99999999,990,2025-07-07 15:07:24.985 -0300,82,119,141
530,20304.00,0.00,0.00,0,0.00,0.00,0,99999999,1000,2025-06-23 11:49:27.392 -0300,90,596,152
487,48929.00,0.00,0.00,0,0.00,0.00,0,99999999,990,2025-07-07 15:07:24.989 -0300,82,120,141
418,18316.80,0.00,0.00,0,1.00,1.00,0,99999999,872,2025-09-23 07:54:28.618 -0300,68,789,119
584,0.00,0.00,0.00,0,0.00,0.00,0,99999999,99999999,2025-09-15 15:31:32.062 -0300,104,619,181
532,2092.00,0.00,0.00,0,0.00,0.00,0,99999999,1000,2025-06-23 11:51:08.291 -0300,90,429,153
586,0.00,0.00,0.00,0,0.00,0.00,0,99999999,99999999,2025-09-15 15:32:12.077 -0300,104,824,183
490,4876.32,0.00,0.00,0,0.00,0.00,0,99999999,790,2025-10-30 12:27:15.659 -0300,83,189,142
587,0.00,0.00,0.00,0,0.00,0.00,0,99999999,99999999,2025-09-15 15:32:12.089 -0300,104,822,183
627,0.00,0.00,0.00,0,0.00,0.00,0,99999999,99999999,2025-11-21 10:25:34.633 -0300,110,763,193
500,14923.80,0.00,0.00,0,0.00,0.00,0,99999999,919,2025-09-30 11:45:23.679 -0300,85,812,144
539,4188.00,0.00,0.00,0,0.00,0.00,0,99999999,99999999,2025-07-10 11:09:54.032 -0300,94,824,157
540,4392.00,0.00,0.00,0,0.00,0.00,0,99999999,99999999,2025-07-10 11:09:54.037 -0300,94,822,157
565,0.00,0.00,0.00,0,0.00,0.00,0,99999999,99999999,2025-09-11 11:45:57.294 -0300,102,825,170
541,5442.00,0.00,0.00,0,0.00,0.00,0,99999999,99999999,2025-07-10 11:09:54.042 -0300,94,820,157
542,6587.00,0.00,0.00,0,0.00,0.00,0,99999999,99999999,2025-07-10 11:09:54.046 -0300,94,823,157
543,3683.00,0.00,0.00,0,0.00,0.00,0,99999999,99999999,2025-07-10 11:09:54.049 -0300,94,821,157
544,7253.00,0.00,0.00,0,0.00,0.00,0,99999999,99999999,2025-07-10 11:09:54.053 -0300,94,825,157
566,0.00,0.00,0.00,0,0.00,0.00,0,99999999,99999999,2025-09-11 11:45:57.300 -0300,102,821,170
568,0.00,0.00,0.00,0,0.00,0.00,0,99999999,99999999,2025-09-11 11:50:12.914 -0300,102,619,172
436,25185.60,0.00,0.00,0,1.00,1.00,0,99999999,856,2025-09-23 07:54:28.624 -0300,68,790,119
499,0.00,0.00,0.00,0,0.00,0.00,0,99999999,983,2025-06-19 11:59:41.633 -0300,84,819,143
628,0.00,0.00,0.00,0,0.00,0.00,0,99999999,99999999,2025-11-21 10:25:34.638 -0300,110,762,193
497,0.00,0.00,0.00,0,0.00,0.00,0,99999999,991,2025-06-19 16:28:28.122 -0300,79,794,138
501,15967.10,0.00,0.00,0,0.00,0.00,0,99999999,809,2025-09-30 11:45:23.688 -0300,85,813,144
261,21308.00,0.00,0.00,0,1.00,1.00,0,99999999,9992,2025-12-26 17:15:11.050 -0300,47,49,59
410,14141.00,0.00,0.00,0,1.00,1.00,0,99999999,996,2025-08-13 18:03:08.770 -0300,65,781,116
476,0.00,0.00,0.00,0,0.00,0.00,0,99999999,99999989,2025-10-01 16:27:52.692 -0300,80,770,139
609,0.00,0.00,0.00,0,0.00,0.00,0,99999999,99999999,2025-10-31 15:49:28.588 -0300,109,900,188
509,0.00,0.00,0.00,0,0.00,0.00,0,1000,1000,2025-05-23 12:27:21.950 -0300,86,622,146
615,0.00,0.00,0.00,0,0.00,0.00,0,99999999,99999999,2025-10-31 15:58:12.890 -0300,109,881,191
518,0.00,0.00,0.00,0,0.00,0.00,0,1000,780,2025-10-13 19:50:36.982 -0300,88,770,149
534,1987.75,0.00,0.00,0,0.00,0.00,0,99999999,964,2025-08-15 10:50:37.912 -0300,90,430,153
525,59372.40,0.00,0.00,0,0.00,0.00,0,99999999,99999935,2025-10-15 10:48:50.935 -0300,89,121,150
496,0.00,0.00,0.00,0,0.00,0.00,0,99999999,994,2025-10-17 07:06:18.246 -0300,79,791,138
494,0.00,0.00,0.00,0,0.00,0.00,0,99999999,990,2025-10-17 07:06:18.251 -0300,79,793,138
495,0.00,0.00,0.00,0,0.00,0.00,0,99999999,992,2025-10-17 07:06:18.256 -0300,79,792,138
536,3374.00,0.00,0.00,0,0.00,0.00,0,99999999,980,2025-08-22 17:33:29.779 -0300,90,432,153
498,0.00,0.00,0.00,0,0.00,0.00,0,99999999,990,2025-10-17 07:06:18.260 -0300,79,795,138
408,11981.00,0.00,0.00,0,1.00,1.00,0,99999999,975,2025-09-02 19:51:02.592 -0300,65,778,116
545,7584.70,0.00,0.00,0,0.00,0.00,30,99999999,99999969,2025-09-05 16:54:06.650 -0300,95,619,158
546,8645.70,0.00,0.00,0,0.00,0.00,30,99999999,99999969,2025-09-05 16:54:06.695 -0300,95,622,159
547,2240.70,0.00,0.00,0,0.00,0.00,0,99999999,99999949,2025-09-05 16:54:06.738 -0300,95,609,160
551,16494.90,0.00,0.00,0,0.00,0.00,0,99999999,99999999,2025-09-05 17:17:20.881 -0300,97,881,162
552,9961.33,0.00,0.00,0,0.00,0.00,0,99999999,99999999,2025-09-05 17:17:20.888 -0300,97,882,162
553,11036.30,0.00,0.00,0,0.00,0.00,0,99999999,99999999,2025-09-05 17:17:20.893 -0300,97,883,162
554,21897.80,0.00,0.00,0,0.00,0.00,0,99999999,99999999,2025-09-05 17:17:20.898 -0300,97,889,162
489,4486.68,0.00,0.00,0,0.00,0.00,0,99999999,955,2025-10-27 14:50:15.206 -0300,83,188,142
257,14388.00,0.00,0.00,0,1.00,1.00,0,99999999,9969,2025-12-29 20:30:38.306 -0300,47,668,59
492,7382.84,0.00,0.00,0,0.00,0.00,0,99999999,890,2025-10-27 14:50:15.217 -0300,83,192,142
493,9266.38,0.00,0.00,0,0.00,0.00,0,99999999,980,2025-10-27 14:50:15.220 -0300,83,193,142
503,15967.10,0.00,0.00,0,0.00,0.00,0,99999999,903,2025-09-30 11:45:23.699 -0300,85,817,144
576,0.00,0.00,0.00,0,0.00,0.00,0,99999999,99999999,2025-09-15 11:50:42.286 -0300,104,824,178
504,17678.20,0.00,0.00,0,0.00,0.00,0,99999999,860,2025-09-30 11:45:23.704 -0300,85,815,144
577,0.00,0.00,0.00,0,0.00,0.00,0,99999999,99999999,2025-09-15 11:50:42.294 -0300,104,822,178
578,0.00,0.00,0.00,0,0.00,0.00,0,99999999,99999999,2025-09-15 11:50:42.301 -0300,104,823,178
579,0.00,0.00,0.00,0,0.00,0.00,0,99999999,99999999,2025-09-15 11:50:42.308 -0300,104,820,178
580,0.00,0.00,0.00,0,0.00,0.00,0,99999999,99999999,2025-09-15 11:50:42.316 -0300,104,821,178
581,0.00,0.00,0.00,0,0.00,0.00,0,99999999,99999999,2025-09-15 11:50:42.323 -0300,104,825,178
505,23180.80,0.00,0.00,0,0.00,0.00,0,99999999,841,2025-09-30 11:45:23.709 -0300,85,816,144
610,0.00,0.00,0.00,0,0.00,0.00,0,99999999,99999969,2026-01-02 10:23:59.413 -0300,109,901,188
585,0.00,0.00,0.00,0,0.00,0.00,0,99999999,99999999,2025-09-15 15:31:50.094 -0300,104,622,182
588,0.00,0.00,0.00,0,0.00,0.00,0,99999999,99999999,2025-09-15 15:32:12.098 -0300,104,820,183
589,0.00,0.00,0.00,0,0.00,0.00,0,99999999,99999999,2025-09-15 15:32:12.106 -0300,104,823,183
590,0.00,0.00,0.00,0,0.00,0.00,0,99999999,99999999,2025-09-15 15:32:12.117 -0300,104,825,183
591,0.00,0.00,0.00,0,0.00,0.00,0,99999999,99999999,2025-09-15 15:32:12.132 -0300,104,821,183
556,12096.00,0.00,0.00,0,0.00,0.00,0,99999999,99999909,2025-10-27 19:09:01.309 -0300,90,594,151
567,0.00,0.00,0.00,0,0.00,0.00,0,99999999,99999999,2025-09-11 11:47:07.895 -0300,102,625,171
569,0.00,0.00,0.00,0,0.00,0.00,0,99999999,99999999,2025-09-11 11:51:51.012 -0300,102,622,173
619,0.00,0.00,0.00,0,0.00,0.00,0,99999999,99999999,2025-11-21 10:25:01.537 -0300,110,812,192
557,16956.00,0.00,0.00,0,0.00,0.00,0,99999999,99999888,2025-10-29 07:43:35.612 -0300,90,595,151
506,27619.90,0.00,0.00,0,0.00,0.00,0,99999999,861,2025-09-30 11:45:23.714 -0300,85,818,144
558,20304.00,0.00,0.00,0,0.00,0.00,0,99999999,99999910,2025-10-29 07:43:35.617 -0300,90,596,151
583,0.00,0.00,0.00,0,0.00,0.00,0,99999999,99999899,2025-10-29 12:47:20.925 -0300,104,609,180
491,5468.76,0.00,0.00,0,0.00,0.00,0,99999999,785,2025-10-30 12:27:15.665 -0300,83,191,142
620,0.00,0.00,0.00,0,0.00,0.00,0,99999999,99999999,2025-11-21 10:25:01.545 -0300,110,813,192
621,0.00,0.00,0.00,0,0.00,0.00,0,99999999,99999999,2025-11-21 10:25:01.552 -0300,110,814,192
516,0.00,0.00,0.00,0,0.00,0.00,0,1000,865,2025-10-13 18:49:27.211 -0300,88,774,149
622,0.00,0.00,0.00,0,0.00,0.00,0,99999999,99999999,2025-11-21 10:25:01.560 -0300,110,817,192
480,9329.14,0.00,0.00,0,0.00,0.00,0,99999999,99998822,2025-10-21 13:45:09.538 -0300,81,129,140
481,10337.90,0.00,0.00,0,0.00,0.00,0,99999999,99999044,2025-10-21 13:45:09.546 -0300,81,132,140
482,12946.00,0.00,0.00,0,0.00,0.00,0,99999999,99999393,2025-10-21 13:45:09.555 -0300,81,123,140
483,15192.70,0.00,0.00,0,0.00,0.00,0,99999999,99999572,2025-10-21 13:45:09.564 -0300,81,125,140
538,8398.00,0.00,0.00,0,0.00,0.00,15,99999999,925,2025-12-22 12:38:53.647 -0300,92,85,155
607,0.00,0.00,0.00,0,0.00,0.00,0,99999999,99999909,2025-12-02 07:56:54.510 -0300,109,871,188
262,8518.00,0.00,0.00,0,1.00,1.00,0,99999999,9946,2025-12-26 17:15:11.059 -0300,47,46,59
555,0.00,0.00,0.00,0,0.00,0.00,0,99999999,99999992,2025-10-01 12:30:29.294 -0300,98,819,163
517,0.00,0.00,0.00,0,0.00,0.00,0,1000,748,2025-10-13 19:50:36.976 -0300,88,773,149
376,8871.00,0.00,0.00,0,1.00,1.00,0,99999999,9864,2025-10-23 15:26:04.222 -0300,63,337,108
519,0.00,0.00,0.00,0,0.00,0.00,0,1000,729,2025-10-13 19:50:36.986 -0300,88,772,149
520,0.00,0.00,0.00,0,0.00,0.00,0,1000,948,2025-10-13 19:50:36.989 -0300,88,771,149
623,0.00,0.00,0.00,0,0.00,0.00,0,99999999,99999999,2025-11-21 10:25:01.566 -0300,110,816,192
624,0.00,0.00,0.00,0,0.00,0.00,0,99999999,99999999,2025-11-21 10:25:01.574 -0300,110,819,192
625,0.00,0.00,0.00,0,0.00,0.00,0,99999999,99999999,2025-11-21 10:25:01.581 -0300,110,815,192
626,0.00,0.00,0.00,0,0.00,0.00,0,99999999,99999999,2025-11-21 10:25:01.588 -0300,110,818,192
380,5393.67,0.00,0.00,0,1.00,1.00,0,99999999,9890,2025-10-23 15:26:04.334 -0300,63,313,110
629,0.00,0.00,0.00,0,0.00,0.00,0,99999999,99999999,2025-11-21 10:25:34.643 -0300,110,765,193
614,0.00,0.00,0.00,0,0.00,0.00,0,99999999,99999999,2025-10-31 15:54:44.423 -0300,109,884,190
521,29042.50,0.00,0.00,0,0.00,0.00,0,99999999,99999913,2025-10-15 10:48:50.911 -0300,89,117,150
522,30616.80,0.00,0.00,0,0.00,0.00,0,99999999,99999699,2025-10-15 10:48:50.918 -0300,89,118,150
523,42885.30,0.00,0.00,0,0.00,0.00,0,99999999,99999770,2025-10-15 10:48:50.924 -0300,89,119,150
524,48929.00,0.00,0.00,0,0.00,0.00,0,99999999,99999769,2025-10-15 10:48:50.929 -0300,89,120,150
526,11448.00,0.00,0.00,0,0.00,0.00,0,99999999,99999976,2025-10-23 21:33:05.031 -0300,90,593,151
630,0.00,0.00,0.00,0,0.00,0.00,0,99999999,99999999,2025-11-21 10:25:34.648 -0300,110,764,193
616,0.00,0.00,0.00,0,0.00,0.00,0,99999999,99999999,2025-10-31 15:58:12.896 -0300,109,882,191
617,0.00,0.00,0.00,0,0.00,0.00,0,99999999,99999999,2025-10-31 15:58:12.900 -0300,109,883,191
618,0.00,0.00,0.00,0,0.00,0.00,0,99999999,99999999,2025-10-31 15:58:12.906 -0300,109,889,191
612,0.00,0.00,0.00,0,0.00,0.00,0,99999999,99999969,2026-01-02 10:23:59.436 -0300,109,903,190
631,0.00,0.00,0.00,0,0.00,0.00,0,99999999,99999999,2025-11-21 10:25:34.654 -0300,110,769,193
632,0.00,0.00,0.00,0,0.00,0.00,0,99999999,99999999,2025-11-21 10:25:34.659 -0300,110,767,193
633,0.00,0.00,0.00,0,0.00,0.00,0,99999999,99999999,2025-11-21 10:25:34.664 -0300,110,766,193
634,0.00,0.00,0.00,0,0.00,0.00,0,99999999,99999999,2025-11-21 10:25:34.669 -0300,110,768,193
570,0.00,0.00,0.00,0,0.00,0.00,0,50,99999399,2025-10-24 11:10:25.559 -0300,103,609,174
635,0.00,0.00,0.00,0,0.00,0.00,0,99999999,99999999,2025-11-21 10:25:34.674 -0300,110,721,193
572,0.00,0.00,0.00,0,0.00,0.00,0,99999999,99999639,2025-10-25 11:36:11.116 -0300,103,622,175
636,0.00,0.00,0.00,0,0.00,0.00,0,99999999,99999999,2025-11-21 10:25:34.680 -0300,110,722,193
637,0.00,0.00,0.00,0,0.00,0.00,0,99999999,99999999,2025-11-21 10:25:34.685 -0300,110,783,193
638,0.00,0.00,0.00,0,0.00,0.00,0,99999999,99999999,2025-11-21 10:25:34.690 -0300,110,784,193
606,0.00,0.00,0.00,0,0.00,0.00,0,99999999,99999993,2025-11-25 07:49:46.231 -0300,109,870,188
608,0.00,0.00,0.00,0,0.00,0.00,0,99999999,99999985,2025-11-25 07:49:46.235 -0300,109,873,188
